src_ip,dst_ip,dst_port,duration,src_bytes,dst_bytes,src_packets,dst_packets,service,timestamp,protocol,connection_state,src_ttl,dst_ttl,attack_type
192.168.1.9,10.0.0.220,80,0.008911928229864998,285,189,6,4,http,2025-03-27 10:00:37.700000000,TCP,ESTABLISHED,64,64,0
192.168.1.180,10.0.0.158,80,0.0019681994777891853,379,70,7,3,http,2025-03-27 10:00:06.100000000,TCP,ESTABLISHED,64,64,0
192.168.1.180,10.0.0.134,80,0.009278451961865924,205,177,7,4,http,2025-03-27 10:00:02.600000000,TCP,ESTABLISHED,64,64,0
192.168.1.95,10.0.0.70,80,0.0048682103882886855,189,51,4,3,http,2025-03-27 10:00:31.700000000,TCP,ESTABLISHED,64,64,0
192.168.1.113,10.0.0.75,80,0.005454126081553993,163,140,2,2,http,2025-03-27 10:00:00.200000000,TCP,ESTABLISHED,64,64,0
192.168.1.75,10.0.0.150,80,0.008219370044422986,188,112,5,2,http,2025-03-27 10:00:09.000000000,TCP,ESTABLISHED,64,64,0
192.168.1.120,10.0.0.73,80,0.005525510718075714,208,64,6,3,http,2025-03-27 10:00:48.800000000,TCP,ESTABLISHED,64,64,0
192.168.1.62,10.0.0.232,80,0.003750545056871172,268,172,2,2,http,2025-03-27 10:00:11.300000000,TCP,ESTABLISHED,64,64,0
192.168.1.69,10.0.0.234,80,0.009137597073595984,186,152,4,2,http,2025-03-27 10:00:03.600000000,TCP,ESTABLISHED,64,64,0
192.168.1.197,10.0.0.138,80,0.005664879126055889,165,67,2,1,http,2025-03-27 10:00:11.900000000,TCP,ESTABLISHED,64,64,0
192.168.1.147,10.0.0.82,80,0.0031359074137105717,315,111,3,4,http,2025-03-27 10:00:38.000000000,TCP,ESTABLISHED,64,64,0
192.168.1.187,10.0.0.202,80,0.004769721515599646,406,117,3,2,http,2025-03-27 10:00:20.500000000,TCP,ESTABLISHED,64,64,0
192.168.1.79,10.0.0.42,80,0.008169696114172845,209,113,6,1,http,2025-03-27 10:00:41.600000000,TCP,ESTABLISHED,64,64,0
192.168.1.79,10.0.0.100,80,0.005903120118908338,334,119,3,3,http,2025-03-27 10:00:04.700000000,TCP,ESTABLISHED,64,64,0
192.168.1.129,10.0.0.17,80,0.0018326730717631093,281,82,2,1,http,2025-03-27 10:00:20.000000000,TCP,ESTABLISHED,64,64,0
192.168.1.115,10.0.0.74,80,0.009961407549534423,227,145,2,4,http,2025-03-27 10:00:13.100000000,TCP,ESTABLISHED,64,64,0
192.168.1.165,10.0.0.196,80,0.005454722330801403,285,190,5,4,http,2025-03-27 10:00:22.400000000,TCP,ESTABLISHED,64,64,0
192.168.1.134,10.0.0.5,80,0.007763522932171057,350,99,2,3,http,2025-03-27 10:00:36.400000000,TCP,ESTABLISHED,64,64,0
192.168.1.171,10.0.0.113,80,0.007100306038764055,210,168,3,4,http,2025-03-27 10:00:00.100000000,TCP,ESTABLISHED,64,64,0
192.168.1.68,10.0.0.62,80,0.008604622888214047,449,113,5,2,http,2025-03-27 10:00:13.300000000,TCP,ESTABLISHED,64,64,0
192.168.1.185,10.0.0.11,80,0.001435920437714319,189,133,6,1,http,2025-03-27 10:00:25.500000000,TCP,ESTABLISHED,64,64,0
192.168.1.26,10.0.0.252,80,0.0036643126404381867,480,71,5,3,http,2025-03-27 10:00:48.700000000,TCP,ESTABLISHED,64,64,0
192.168.1.227,10.0.0.9,80,0.009194236030535409,420,195,6,3,http,2025-03-27 10:00:05.600000000,TCP,ESTABLISHED,64,64,0
192.168.1.45,10.0.0.107,80,0.0069714501568606925,171,160,6,3,http,2025-03-27 10:00:46.100000000,TCP,ESTABLISHED,64,64,0
192.168.1.131,10.0.0.111,80,0.005325929975836331,347,148,7,3,http,2025-03-27 10:00:15.100000000,TCP,ESTABLISHED,64,64,0
192.168.1.210,10.0.0.33,80,0.0010807463676498947,411,68,4,1,http,2025-03-27 10:00:44.100000000,TCP,ESTABLISHED,64,64,0
192.168.1.78,10.0.0.190,1235,0.0027072125856523466,477,104,3,4,http,2025-03-27 10:00:49.000000000,TCP,ESTABLISHED,64,64,1
192.168.1.158,10.0.0.7,80,0.0049656992472149174,242,109,2,3,http,2025-03-27 10:00:31.100000000,TCP,ESTABLISHED,64,64,0
192.168.1.254,10.0.0.175,80,0.0012070003159493719,236,79,5,2,http,2025-03-27 10:00:45.200000000,TCP,ESTABLISHED,64,64,0
192.168.1.101,10.0.0.35,80,0.006620683661477838,333,197,4,4,http,2025-03-27 10:00:36.800000000,TCP,ESTABLISHED,64,64,0
192.168.1.163,10.0.0.102,80,0.008855339945017797,377,56,4,3,http,2025-03-27 10:00:30.800000000,TCP,ESTABLISHED,64,64,0
192.168.1.105,10.0.0.28,80,0.006635561209701029,492,72,6,4,http,2025-03-27 10:00:44.800000000,TCP,ESTABLISHED,64,64,0
192.168.1.115,10.0.0.7,80,0.0032781985009106484,380,90,5,1,http,2025-03-27 10:00:08.000000000,TCP,ESTABLISHED,64,64,0
192.168.1.69,10.0.0.244,80,0.0042791460081919655,220,198,4,1,http,2025-03-27 10:00:23.200000000,TCP,ESTABLISHED,64,64,0
192.168.1.143,10.0.0.33,80,0.00985699732951955,251,141,2,1,http,2025-03-27 10:00:06.000000000,TCP,ESTABLISHED,64,64,0
192.168.1.33,10.0.0.105,80,0.0027070711539932215,246,121,4,2,http,2025-03-27 10:00:32.200000000,TCP,ESTABLISHED,64,64,0
192.168.1.140,10.0.0.95,80,0.004671379291817089,336,102,7,3,http,2025-03-27 10:00:13.600000000,TCP,ESTABLISHED,64,64,0
192.168.1.207,10.0.0.234,80,0.005590235857210523,497,54,5,4,http,2025-03-27 10:00:05.100000000,TCP,ESTABLISHED,64,64,0
192.168.1.162,10.0.0.206,80,0.0069966418009866655,438,162,3,1,http,2025-03-27 10:00:07.900000000,TCP,ESTABLISHED,64,64,0
192.168.1.145,10.0.0.188,80,0.00553842314145825,431,128,3,3,http,2025-03-27 10:00:36.900000000,TCP,ESTABLISHED,64,64,0
192.168.1.64,10.0.0.141,80,0.001417047174081829,425,150,4,3,http,2025-03-27 10:00:41.900000000,TCP,ESTABLISHED,64,64,0
192.168.1.26,10.0.0.229,80,0.00222647721579899,397,93,4,2,http,2025-03-27 10:00:06.200000000,TCP,ESTABLISHED,64,64,0
192.168.1.107,10.0.0.102,80,0.0076061133738945744,324,110,6,4,http,2025-03-27 10:00:47.900000000,TCP,ESTABLISHED,64,64,0
192.168.1.58,10.0.0.183,80,0.0036559416325420355,152,196,2,2,http,2025-03-27 10:00:35.300000000,TCP,ESTABLISHED,64,64,0
192.168.1.27,10.0.0.142,80,0.0017873031589467003,401,51,3,2,http,2025-03-27 10:00:15.500000000,TCP,ESTABLISHED,64,64,0
192.168.1.220,10.0.0.119,80,0.0018022294972917618,237,173,7,4,http,2025-03-27 10:00:17.100000000,TCP,ESTABLISHED,64,64,0
192.168.1.208,10.0.0.28,80,0.008528568568230463,432,175,7,3,http,2025-03-27 10:00:23.600000000,TCP,ESTABLISHED,64,64,0
192.168.1.183,10.0.0.89,80,0.002143979282903849,223,176,6,2,http,2025-03-27 10:00:01.900000000,TCP,ESTABLISHED,64,64,0
192.168.1.25,10.0.0.92,80,0.0035062182884461005,296,118,5,3,http,2025-03-27 10:00:05.800000000,TCP,ESTABLISHED,64,64,0
192.168.1.124,10.0.0.14,80,0.006901678376519283,119,166,6,3,http,2025-03-27 10:00:09.100000000,TCP,ESTABLISHED,64,64,0
192.168.1.142,10.0.0.130,80,0.009034560218644311,253,88,4,3,http,2025-03-27 10:00:25.400000000,TCP,ESTABLISHED,64,64,0
192.168.1.29,10.0.0.233,80,0.009144434454475058,324,94,5,3,http,2025-03-27 10:00:19.400000000,TCP,ESTABLISHED,64,64,0
192.168.1.155,10.0.0.50,80,0.004172050085033678,449,81,5,2,http,2025-03-27 10:00:06.600000000,TCP,ESTABLISHED,64,64,0
192.168.1.169,10.0.0.225,80,0.008988639642228447,294,64,5,2,http,2025-03-27 10:00:43.700000000,TCP,ESTABLISHED,64,64,0
192.168.1.166,10.0.0.124,80,0.004880430410314037,191,195,6,2,http,2025-03-27 10:00:39.400000000,TCP,ESTABLISHED,64,64,0
192.168.1.163,10.0.0.183,80,0.006990694309494626,441,90,5,3,http,2025-03-27 10:00:22.500000000,TCP,ESTABLISHED,64,64,0
192.168.1.169,10.0.0.136,80,0.006724931998088362,479,174,6,1,http,2025-03-27 10:00:34.000000000,TCP,ESTABLISHED,64,64,0
192.168.1.109,10.0.0.26,80,0.004499898190559816,161,87,3,3,http,2025-03-27 10:00:08.100000000,TCP,ESTABLISHED,64,64,0
192.168.1.54,10.0.0.226,80,0.0038095881437598986,183,115,7,1,http,2025-03-27 10:00:20.700000000,TCP,ESTABLISHED,64,64,0
192.168.1.56,10.0.0.249,80,0.0017792754175942566,305,140,7,2,http,2025-03-27 10:00:26.900000000,TCP,ESTABLISHED,64,64,0
192.168.1.206,10.0.0.250,80,0.0033861096451657208,198,54,5,1,http,2025-03-27 10:00:12.000000000,TCP,ESTABLISHED,64,64,0
192.168.1.152,10.0.0.45,80,0.0077220312556527,399,187,5,1,http,2025-03-27 10:00:05.300000000,TCP,ESTABLISHED,64,64,0
192.168.1.209,10.0.0.161,80,0.003004131690863117,174,189,7,1,http,2025-03-27 10:00:29.900000000,TCP,ESTABLISHED,64,64,0
192.168.1.68,10.0.0.54,80,0.002828909391267354,124,69,3,4,http,2025-03-27 10:00:46.400000000,TCP,ESTABLISHED,64,64,0
192.168.1.240,10.0.0.231,80,0.0029841931746843148,442,91,2,3,http,2025-03-27 10:00:44.600000000,TCP,ESTABLISHED,64,64,0
192.168.1.166,10.0.0.20,80,0.004090822744325624,304,92,7,1,http,2025-03-27 10:00:03.000000000,TCP,ESTABLISHED,64,64,0
192.168.1.173,10.0.0.181,80,0.005672574211039286,295,197,6,4,http,2025-03-27 10:00:16.899999999,TCP,ESTABLISHED,64,64,0
192.168.1.49,10.0.0.2,80,0.005516929341080459,438,116,3,2,http,2025-03-27 10:00:41.700000000,TCP,ESTABLISHED,64,64,0
192.168.1.198,10.0.0.101,80,0.00898775645018764,467,183,3,4,http,2025-03-27 10:00:24.000000000,TCP,ESTABLISHED,64,64,0
192.168.1.25,10.0.0.5,80,0.006992598353415209,213,130,4,3,http,2025-03-27 10:00:37.400000000,TCP,ESTABLISHED,64,64,0
192.168.1.47,10.0.0.247,80,0.006383228459555619,144,126,7,4,http,2025-03-27 10:00:36.000000000,TCP,ESTABLISHED,64,64,0
192.168.1.54,10.0.0.70,80,0.004745941457612712,228,131,7,4,http,2025-03-27 10:00:15.900000000,TCP,ESTABLISHED,64,64,0
192.168.1.252,10.0.0.161,80,0.005100437774805349,374,118,3,3,http,2025-03-27 10:00:31.300000000,TCP,ESTABLISHED,64,64,0
192.168.1.37,10.0.0.3,80,0.005455498808703447,315,198,5,1,http,2025-03-27 10:00:47.300000000,TCP,ESTABLISHED,64,64,0
192.168.1.92,10.0.0.67,80,0.005956557557610558,255,59,7,1,http,2025-03-27 10:00:38.500000000,TCP,ESTABLISHED,64,64,0
192.168.1.223,10.0.0.143,80,0.005198259417227416,365,85,7,4,http,2025-03-27 10:00:32.700000000,TCP,ESTABLISHED,64,64,0
192.168.1.137,10.0.0.64,80,0.0023981622817177287,133,141,2,1,http,2025-03-27 10:00:45.100000000,TCP,ESTABLISHED,64,64,0
192.168.1.177,10.0.0.86,80,0.005655182043693966,346,90,5,1,http,2025-03-27 10:00:24.300000000,TCP,ESTABLISHED,64,64,0
192.168.1.12,10.0.0.8,80,0.0062121716138023985,470,130,5,4,http,2025-03-27 10:00:14.900000000,TCP,ESTABLISHED,64,64,0
192.168.1.144,10.0.0.152,80,0.006364181555161031,116,178,4,3,http,2025-03-27 10:00:25.800000000,TCP,ESTABLISHED,64,64,0
192.168.1.222,10.0.0.111,80,0.0063837051992558964,197,63,5,3,http,2025-03-27 10:00:34.900000000,TCP,ESTABLISHED,64,64,0
192.168.1.182,10.0.0.222,80,0.007019599552975322,222,178,7,2,http,2025-03-27 10:00:45.800000000,TCP,ESTABLISHED,64,64,0
192.168.1.234,10.0.0.66,80,0.0016358724316729253,186,105,6,1,http,2025-03-27 10:00:29.600000000,TCP,ESTABLISHED,64,64,0
192.168.1.112,10.0.0.59,80,0.004954518083305333,400,54,2,1,http,2025-03-27 10:00:00.500000000,TCP,ESTABLISHED,64,64,0
192.168.1.247,10.0.0.20,80,0.003963174599091623,296,196,5,4,http,2025-03-27 10:00:28.000000000,TCP,ESTABLISHED,64,64,0
192.168.1.139,10.0.0.2,80,0.002251994274567312,353,82,4,1,http,2025-03-27 10:00:29.400000000,TCP,ESTABLISHED,64,64,0
192.168.1.77,10.0.0.114,80,0.00460458305775327,205,87,3,4,http,2025-03-27 10:00:22.600000000,TCP,ESTABLISHED,64,64,0
192.168.1.152,10.0.0.92,80,0.006303130516820847,434,119,4,3,http,2025-03-27 10:00:23.400000000,TCP,ESTABLISHED,64,64,0
192.168.1.52,10.0.0.5,80,0.006262329336775651,139,122,6,4,http,2025-03-27 10:00:16.700000000,TCP,ESTABLISHED,64,64,0
192.168.1.13,10.0.0.174,80,0.0032474313535727894,101,196,6,3,http,2025-03-27 10:00:08.500000000,TCP,ESTABLISHED,64,64,0
192.168.1.15,10.0.0.211,80,0.004697617708705694,243,57,3,2,http,2025-03-27 10:00:01.500000000,TCP,ESTABLISHED,64,64,0
192.168.1.229,10.0.0.140,80,0.006280443303128714,196,179,4,1,http,2025-03-27 10:00:18.800000000,TCP,ESTABLISHED,64,64,0
192.168.1.152,10.0.0.49,80,0.00600076320001565,100,172,3,4,http,2025-03-27 10:00:03.900000000,TCP,ESTABLISHED,64,64,0
192.168.1.107,10.0.0.53,1664,0.00886037647592253,358,97,3,4,http,2025-03-27 10:00:49.800000000,TCP,ESTABLISHED,64,64,1
192.168.1.239,10.0.0.169,80,0.001691475727987406,155,92,7,2,http,2025-03-27 10:00:07.200000000,TCP,ESTABLISHED,64,64,0
192.168.1.90,10.0.0.193,80,0.00910230394766362,322,171,3,3,http,2025-03-27 10:00:34.299999999,TCP,ESTABLISHED,64,64,0
192.168.1.106,10.0.0.79,1720,0.006022521568867268,261,192,6,4,http,2025-03-27 10:00:49.900000000,TCP,ESTABLISHED,64,64,1
192.168.1.19,10.0.0.217,80,0.00301916832260722,361,137,5,1,http,2025-03-27 10:00:44.000000000,TCP,ESTABLISHED,64,64,0
192.168.1.219,10.0.0.230,80,0.0051400216465254025,454,148,5,1,http,2025-03-27 10:00:38.900000000,TCP,ESTABLISHED,64,64,0
192.168.1.143,10.0.0.56,80,0.009758293109167739,360,186,6,3,http,2025-03-27 10:00:03.100000000,TCP,ESTABLISHED,64,64,0
192.168.1.53,10.0.0.224,80,0.0034617224486130347,458,93,7,4,http,2025-03-27 10:00:06.300000000,TCP,ESTABLISHED,64,64,0
192.168.1.196,10.0.0.141,80,0.0027516677587450973,278,157,2,2,http,2025-03-27 10:00:21.200000000,TCP,ESTABLISHED,64,64,0
192.168.1.166,10.0.0.39,80,0.004366506512841299,166,159,3,4,http,2025-03-27 10:00:41.800000000,TCP,ESTABLISHED,64,64,0
192.168.1.24,10.0.0.170,80,0.0061725303914360015,193,114,6,2,http,2025-03-27 10:00:46.200000000,TCP,ESTABLISHED,64,64,0
192.168.1.241,10.0.0.190,80,0.007207624401946988,295,107,4,4,http,2025-03-27 10:00:21.500000000,TCP,ESTABLISHED,64,64,0
192.168.1.54,10.0.0.45,80,0.0011532495661254066,335,66,7,3,http,2025-03-27 10:00:40.700000000,TCP,ESTABLISHED,64,64,0
192.168.1.159,10.0.0.53,80,0.007173155696538945,152,53,7,3,http,2025-03-27 10:00:21.000000000,TCP,ESTABLISHED,64,64,0
192.168.1.19,10.0.0.143,80,0.004772360496399724,155,123,6,4,http,2025-03-27 10:00:26.600000000,TCP,ESTABLISHED,64,64,0
192.168.1.94,10.0.0.137,80,0.007599968735800341,313,111,7,4,http,2025-03-27 10:00:18.000000000,TCP,ESTABLISHED,64,64,0
192.168.1.30,10.0.0.85,80,0.007793820783800729,238,92,2,4,http,2025-03-27 10:00:25.200000000,TCP,ESTABLISHED,64,64,0
192.168.1.178,10.0.0.57,80,0.001623137799034368,423,168,3,3,http,2025-03-27 10:00:48.100000000,TCP,ESTABLISHED,64,64,0
192.168.1.39,10.0.0.144,80,0.006778320234631796,405,150,2,4,http,2025-03-27 10:00:17.900000000,TCP,ESTABLISHED,64,64,0
192.168.1.176,10.0.0.91,80,0.006893339960495699,137,126,7,2,http,2025-03-27 10:00:44.500000000,TCP,ESTABLISHED,64,64,0
192.168.1.105,10.0.0.186,80,0.005862983829085044,282,114,4,3,http,2025-03-27 10:00:34.500000000,TCP,ESTABLISHED,64,64,0
192.168.1.168,10.0.0.47,80,0.003344534457244343,283,184,6,3,http,2025-03-27 10:00:12.300000000,TCP,ESTABLISHED,64,64,0
192.168.1.148,10.0.0.197,80,0.004024411031990761,266,107,6,4,http,2025-03-27 10:00:16.000000000,TCP,ESTABLISHED,64,64,0
192.168.1.141,10.0.0.62,80,0.008783264557339597,184,84,6,3,http,2025-03-27 10:00:24.500000000,TCP,ESTABLISHED,64,64,0
192.168.1.174,10.0.0.214,80,0.0037064962614852958,128,181,6,1,http,2025-03-27 10:00:23.100000000,TCP,ESTABLISHED,64,64,0
192.168.1.124,10.0.0.198,80,0.002849608819566282,433,115,3,4,http,2025-03-27 10:00:13.700000000,TCP,ESTABLISHED,64,64,0
192.168.1.209,10.0.0.177,80,0.0015408012008469528,184,97,6,1,http,2025-03-27 10:00:30.000000000,TCP,ESTABLISHED,64,64,0
192.168.1.144,10.0.0.48,80,0.008534207331147124,410,95,5,3,http,2025-03-27 10:00:43.000000000,TCP,ESTABLISHED,64,64,0
192.168.1.137,10.0.0.206,1424,0.003085474480114527,419,107,6,3,http,2025-03-27 10:00:49.200000000,TCP,ESTABLISHED,64,64,1
192.168.1.87,10.0.0.250,80,0.008166292283455381,167,96,2,3,http,2025-03-27 10:00:33.600000000,TCP,ESTABLISHED,64,64,0
192.168.1.198,10.0.0.73,80,0.0019232836289028179,135,169,6,4,http,2025-03-27 10:00:31.400000000,TCP,ESTABLISHED,64,64,0
192.168.1.44,10.0.0.204,80,0.003339913642351646,458,149,3,2,http,2025-03-27 10:00:02.700000000,TCP,ESTABLISHED,64,64,0
192.168.1.13,10.0.0.43,80,0.0033148836016379814,472,191,2,4,http,2025-03-27 10:00:19.800000000,TCP,ESTABLISHED,64,64,0
192.168.1.206,10.0.0.71,80,0.0056127989760500615,270,92,4,1,http,2025-03-27 10:00:28.100000000,TCP,ESTABLISHED,64,64,0
192.168.1.232,10.0.0.14,80,0.003242222206143176,134,149,4,1,http,2025-03-27 10:00:02.900000000,TCP,ESTABLISHED,64,64,0
192.168.1.73,10.0.0.182,80,0.004793803747309238,444,158,6,2,http,2025-03-27 10:00:05.900000000,TCP,ESTABLISHED,64,64,0
192.168.1.186,10.0.0.85,80,0.009439258960368846,287,67,2,2,http,2025-03-27 10:00:19.000000000,TCP,ESTABLISHED,64,64,0
192.168.1.249,10.0.0.27,80,0.003389355234219255,459,140,3,2,http,2025-03-27 10:00:12.100000000,TCP,ESTABLISHED,64,64,0
192.168.1.61,10.0.0.64,80,0.002621873975148764,379,126,4,4,http,2025-03-27 10:00:02.200000000,TCP,ESTABLISHED,64,64,0
192.168.1.32,10.0.0.135,80,0.0014658747268554955,162,129,3,3,http,2025-03-27 10:00:26.400000000,TCP,ESTABLISHED,64,64,0
192.168.1.164,10.0.0.181,80,0.0059339024455997294,408,175,4,3,http,2025-03-27 10:00:13.200000000,TCP,ESTABLISHED,64,64,0
192.168.1.249,10.0.0.188,80,0.003342830853736247,152,137,4,3,http,2025-03-27 10:00:44.700000000,TCP,ESTABLISHED,64,64,0
192.168.1.222,10.0.0.190,80,0.008990383066373783,122,164,3,2,http,2025-03-27 10:00:36.700000000,TCP,ESTABLISHED,64,64,0
192.168.1.71,10.0.0.151,80,0.006750716385518727,343,175,6,2,http,2025-03-27 10:00:45.400000000,TCP,ESTABLISHED,64,64,0
192.168.1.19,10.0.0.149,80,0.009793379807687328,314,187,5,3,http,2025-03-27 10:00:45.000000000,TCP,ESTABLISHED,64,64,0
192.168.1.138,10.0.0.164,80,0.002097556868547919,119,114,7,2,http,2025-03-27 10:00:47.400000000,TCP,ESTABLISHED,64,64,0
192.168.1.99,10.0.0.105,80,0.007733611962499522,425,146,3,1,http,2025-03-27 10:00:33.400000000,TCP,ESTABLISHED,64,64,0
192.168.1.89,10.0.0.251,80,0.0010349162301955355,141,120,5,4,http,2025-03-27 10:00:00.300000000,TCP,ESTABLISHED,64,64,0
192.168.1.41,10.0.0.49,80,0.0022018695288552716,355,55,7,3,http,2025-03-27 10:00:00.900000000,TCP,ESTABLISHED,64,64,0
192.168.1.58,10.0.0.42,80,0.007092524259145922,438,50,3,1,http,2025-03-27 10:00:37.000000000,TCP,ESTABLISHED,64,64,0
192.168.1.47,10.0.0.163,80,0.009727592778692937,276,83,4,4,http,2025-03-27 10:00:19.600000000,TCP,ESTABLISHED,64,64,0
192.168.1.31,10.0.0.254,80,0.002849188680686102,131,97,2,1,http,2025-03-27 10:00:44.900000000,TCP,ESTABLISHED,64,64,0
192.168.1.18,10.0.0.56,80,0.002072056010223291,499,171,4,1,http,2025-03-27 10:00:27.700000000,TCP,ESTABLISHED,64,64,0
192.168.1.93,10.0.0.224,80,0.008348950421706181,105,119,6,1,http,2025-03-27 10:00:31.900000000,TCP,ESTABLISHED,64,64,0
192.168.1.244,10.0.0.83,80,0.0057008880958667974,351,101,7,2,http,2025-03-27 10:00:16.800000000,TCP,ESTABLISHED,64,64,0
192.168.1.185,10.0.0.24,80,0.008014790443987733,105,185,4,2,http,2025-03-27 10:00:01.400000000,TCP,ESTABLISHED,64,64,0
192.168.1.241,10.0.0.82,80,0.0036614789866747234,103,126,7,3,http,2025-03-27 10:00:45.900000000,TCP,ESTABLISHED,64,64,0
192.168.1.50,10.0.0.243,80,0.009824967242272914,101,85,2,1,http,2025-03-27 10:00:35.900000000,TCP,ESTABLISHED,64,64,0
192.168.1.239,10.0.0.208,80,0.004592808927349116,477,194,2,1,http,2025-03-27 10:00:42.200000000,TCP,ESTABLISHED,64,64,0
192.168.1.82,10.0.0.19,80,0.002877620760010009,492,186,7,1,http,2025-03-27 10:00:32.400000000,TCP,ESTABLISHED,64,64,0
192.168.1.155,10.0.0.201,80,0.0029880758586697063,158,55,4,3,http,2025-03-27 10:00:32.299999999,TCP,ESTABLISHED,64,64,0
192.168.1.18,10.0.0.196,80,0.008772972012318804,312,58,2,3,http,2025-03-27 10:00:12.900000000,TCP,ESTABLISHED,64,64,0
192.168.1.102,10.0.0.26,80,0.007831007090616567,246,164,2,3,http,2025-03-27 10:00:11.800000000,TCP,ESTABLISHED,64,64,0
192.168.1.2,10.0.0.240,80,0.006320650692870291,243,193,2,3,http,2025-03-27 10:00:38.100000000,TCP,ESTABLISHED,64,64,0
192.168.1.48,10.0.0.168,80,0.0016761792853936693,263,97,6,3,http,2025-03-27 10:00:18.100000000,TCP,ESTABLISHED,64,64,0
192.168.1.115,10.0.0.152,80,0.004052044548701969,190,91,3,4,http,2025-03-27 10:00:48.000000000,TCP,ESTABLISHED,64,64,0
192.168.1.143,10.0.0.54,80,0.004831078985196104,436,160,3,3,http,2025-03-27 10:00:43.900000000,TCP,ESTABLISHED,64,64,0
192.168.1.221,10.0.0.226,80,0.0017574257054739375,453,55,7,3,http,2025-03-27 10:00:20.200000000,TCP,ESTABLISHED,64,64,0
192.168.1.240,10.0.0.172,80,0.00879218447897094,283,94,2,1,http,2025-03-27 10:00:19.300000000,TCP,ESTABLISHED,64,64,0
192.168.1.174,10.0.0.5,80,0.003366880399390922,165,103,3,4,http,2025-03-27 10:00:36.500000000,TCP,ESTABLISHED,64,64,0
192.168.1.32,10.0.0.27,80,0.008469365208813601,447,111,4,1,http,2025-03-27 10:00:37.600000000,TCP,ESTABLISHED,64,64,0
192.168.1.234,10.0.0.109,80,0.007413213604823513,191,144,6,4,http,2025-03-27 10:00:31.800000000,TCP,ESTABLISHED,64,64,0
192.168.1.238,10.0.0.177,80,0.006277053058606474,487,60,7,2,http,2025-03-27 10:00:39.600000000,TCP,ESTABLISHED,64,64,0
192.168.1.170,10.0.0.106,80,0.0025343127530915678,481,52,2,3,http,2025-03-27 10:00:11.000000000,TCP,ESTABLISHED,64,64,0
192.168.1.209,10.0.0.146,80,0.0026994003096305883,379,163,5,1,http,2025-03-27 10:00:30.600000000,TCP,ESTABLISHED,64,64,0
192.168.1.55,10.0.0.198,80,0.008983804106586897,261,106,5,3,http,2025-03-27 10:00:39.500000000,TCP,ESTABLISHED,64,64,0
192.168.1.56,10.0.0.179,80,0.0034968326936397737,409,51,6,4,http,2025-03-27 10:00:29.300000000,TCP,ESTABLISHED,64,64,0
192.168.1.75,10.0.0.86,80,0.0077686933639928785,338,194,2,1,http,2025-03-27 10:00:00.800000000,TCP,ESTABLISHED,64,64,0
192.168.1.140,10.0.0.164,80,0.008523303169134073,207,154,4,3,http,2025-03-27 10:00:24.800000000,TCP,ESTABLISHED,64,64,0
192.168.1.27,10.0.0.17,80,0.007737431695477997,245,80,5,3,http,2025-03-27 10:00:10.400000000,TCP,ESTABLISHED,64,64,0
192.168.1.140,10.0.0.206,80,0.004577818636550545,190,196,7,4,http,2025-03-27 10:00:27.900000000,TCP,ESTABLISHED,64,64,0
192.168.1.169,10.0.0.28,80,0.006117541355296326,291,101,5,1,http,2025-03-27 10:00:10.000000000,TCP,ESTABLISHED,64,64,0
192.168.1.116,10.0.0.60,80,0.002355181588258566,364,130,6,1,http,2025-03-27 10:00:07.000000000,TCP,ESTABLISHED,64,64,0
192.168.1.105,10.0.0.27,80,0.008716806401980356,382,64,3,3,http,2025-03-27 10:00:40.800000000,TCP,ESTABLISHED,64,64,0
192.168.1.90,10.0.0.35,80,0.004266344401176524,446,121,7,3,http,2025-03-27 10:00:12.400000000,TCP,ESTABLISHED,64,64,0
192.168.1.101,10.0.0.51,80,0.0071596012428569175,165,59,4,1,http,2025-03-27 10:00:30.900000000,TCP,ESTABLISHED,64,64,0
192.168.1.190,10.0.0.133,80,0.007528035655958988,132,126,6,1,http,2025-03-27 10:00:39.900000000,TCP,ESTABLISHED,64,64,0
192.168.1.188,10.0.0.236,80,0.008416566597196539,313,128,7,3,http,2025-03-27 10:00:00.400000000,TCP,ESTABLISHED,64,64,0
192.168.1.85,10.0.0.88,80,0.0020505280125009055,330,129,3,2,http,2025-03-27 10:00:10.800000000,TCP,ESTABLISHED,64,64,0
192.168.1.176,10.0.0.246,80,0.007723441329661328,447,93,2,4,http,2025-03-27 10:00:42.000000000,TCP,ESTABLISHED,64,64,0
192.168.1.205,10.0.0.131,80,0.005322644604329445,212,186,4,3,http,2025-03-27 10:00:16.600000000,TCP,ESTABLISHED,64,64,0
192.168.1.244,10.0.0.9,80,0.004345131622635819,209,167,3,1,http,2025-03-27 10:00:38.300000000,TCP,ESTABLISHED,64,64,0
192.168.1.120,10.0.0.214,80,0.001218513858165364,384,192,6,3,http,2025-03-27 10:00:46.300000000,TCP,ESTABLISHED,64,64,0
192.168.1.128,10.0.0.121,80,0.0032925774789439957,152,161,2,3,http,2025-03-27 10:00:09.500000000,TCP,ESTABLISHED,64,64,0
192.168.1.152,10.0.0.114,80,0.0017549563547676521,380,113,2,4,http,2025-03-27 10:00:47.500000000,TCP,ESTABLISHED,64,64,0
192.168.1.118,10.0.0.50,80,0.009525369674840588,404,78,5,1,http,2025-03-27 10:00:30.300000000,TCP,ESTABLISHED,64,64,0
192.168.1.110,10.0.0.99,80,0.002936768122915051,251,124,5,2,http,2025-03-27 10:00:38.400000000,TCP,ESTABLISHED,64,64,0
192.168.1.171,10.0.0.80,80,0.002886822032036342,100,116,7,1,http,2025-03-27 10:00:32.799999999,TCP,ESTABLISHED,64,64,0
192.168.1.129,10.0.0.254,80,0.00950322956873802,304,61,6,1,http,2025-03-27 10:00:33.000000000,TCP,ESTABLISHED,64,64,0
192.168.1.120,10.0.0.249,80,0.003568846897177143,132,130,6,2,http,2025-03-27 10:00:24.600000000,TCP,ESTABLISHED,64,64,0
192.168.1.25,10.0.0.233,80,0.0028665633260473687,166,60,6,3,http,2025-03-27 10:00:05.400000000,TCP,ESTABLISHED,64,64,0
192.168.1.52,10.0.0.44,80,0.006798874913443928,251,76,7,2,http,2025-03-27 10:00:42.500000000,TCP,ESTABLISHED,64,64,0
192.168.1.181,10.0.0.236,80,0.004016924259577224,259,169,6,4,http,2025-03-27 10:00:29.800000000,TCP,ESTABLISHED,64,64,0
192.168.1.226,10.0.0.154,80,0.008250535261592022,105,165,4,3,http,2025-03-27 10:00:22.000000000,TCP,ESTABLISHED,64,64,0
192.168.1.239,10.0.0.8,80,0.0034883571161626074,126,151,7,2,http,2025-03-27 10:00:21.300000000,TCP,ESTABLISHED,64,64,0
192.168.1.144,10.0.0.158,80,0.008426651832386622,486,164,2,1,http,2025-03-27 10:00:23.500000000,TCP,ESTABLISHED,64,64,0
192.168.1.43,10.0.0.125,80,0.008421298315978636,311,58,3,2,http,2025-03-27 10:00:40.400000000,TCP,ESTABLISHED,64,64,0
192.168.1.15,10.0.0.197,80,0.004177419515051687,248,72,6,2,http,2025-03-27 10:00:40.200000000,TCP,ESTABLISHED,64,64,0
192.168.1.73,10.0.0.147,80,0.002925694125045027,416,191,2,4,http,2025-03-27 10:00:17.000000000,TCP,ESTABLISHED,64,64,0
192.168.1.52,10.0.0.12,80,0.0028974517640631544,339,112,5,2,http,2025-03-27 10:00:15.000000000,TCP,ESTABLISHED,64,64,0
192.168.1.172,10.0.0.174,80,0.005575136494444462,235,80,2,4,http,2025-03-27 10:00:38.800000000,TCP,ESTABLISHED,64,64,0
192.168.1.137,10.0.0.70,80,0.007895099011579438,257,62,4,3,http,2025-03-27 10:00:02.500000000,TCP,ESTABLISHED,64,64,0
192.168.1.111,10.0.0.178,80,0.005525318113098648,401,178,4,1,http,2025-03-27 10:00:37.900000000,TCP,ESTABLISHED,64,64,0
192.168.1.85,10.0.0.29,80,0.0052918521041142265,482,74,5,1,http,2025-03-27 10:00:44.400000000,TCP,ESTABLISHED,64,64,0
192.168.1.1,10.0.0.2,80,0.007509168467733901,474,122,6,1,http,2025-03-27 10:00:00.700000000,TCP,ESTABLISHED,64,64,0
192.168.1.233,10.0.0.33,80,0.00417037662905686,134,99,4,2,http,2025-03-27 10:00:28.500000000,TCP,ESTABLISHED,64,64,0
192.168.1.26,10.0.0.9,80,0.007748235984111397,289,141,2,2,http,2025-03-27 10:00:46.900000000,TCP,ESTABLISHED,64,64,0
192.168.1.238,10.0.0.119,80,0.009508559119077758,341,77,4,4,http,2025-03-27 10:00:09.700000000,TCP,ESTABLISHED,64,64,0
192.168.1.123,10.0.0.29,80,0.005698142841576052,365,160,7,4,http,2025-03-27 10:00:45.500000000,TCP,ESTABLISHED,64,64,0
192.168.1.104,10.0.0.63,80,0.007941403708382234,404,104,5,4,http,2025-03-27 10:00:34.400000000,TCP,ESTABLISHED,64,64,0
192.168.1.195,10.0.0.125,80,0.009330840617396238,396,147,4,2,http,2025-03-27 10:00:13.900000000,TCP,ESTABLISHED,64,64,0
192.168.1.85,10.0.0.179,80,0.00477405879809153,101,190,5,2,http,2025-03-27 10:00:46.800000000,TCP,ESTABLISHED,64,64,0
192.168.1.50,10.0.0.142,80,0.00943549116761518,263,149,7,1,http,2025-03-27 10:00:05.000000000,TCP,ESTABLISHED,64,64,0
192.168.1.241,10.0.0.101,80,0.0066107610445154735,468,192,4,1,http,2025-03-27 10:00:48.300000000,TCP,ESTABLISHED,64,64,0
192.168.1.145,10.0.0.38,80,0.0033701179408693487,470,56,5,1,http,2025-03-27 10:00:33.700000000,TCP,ESTABLISHED,64,64,0
192.168.1.12,10.0.0.2,80,0.003006201439733476,457,153,4,4,http,2025-03-27 10:00:38.700000000,TCP,ESTABLISHED,64,64,0
192.168.1.10,10.0.0.189,80,0.007406204546774185,222,79,7,3,http,2025-03-27 10:00:14.000000000,TCP,ESTABLISHED,64,64,0
192.168.1.106,10.0.0.163,80,0.007434956214757762,208,141,7,4,http,2025-03-27 10:00:18.200000000,TCP,ESTABLISHED,64,64,0
192.168.1.47,10.0.0.252,80,0.006315215731002606,280,70,2,4,http,2025-03-27 10:00:10.600000000,TCP,ESTABLISHED,64,64,0
192.168.1.101,10.0.0.98,80,0.006814604998853303,176,190,5,2,http,2025-03-27 10:00:06.700000000,TCP,ESTABLISHED,64,64,0
192.168.1.190,10.0.0.26,80,0.005481622349170191,424,171,7,3,http,2025-03-27 10:00:07.100000000,TCP,ESTABLISHED,64,64,0
192.168.1.138,10.0.0.2,80,0.0074358127687462125,254,194,2,1,http,2025-03-27 10:00:01.800000000,TCP,ESTABLISHED,64,64,0
192.168.1.13,10.0.0.168,80,0.0031667704602876077,360,174,6,4,http,2025-03-27 10:00:21.100000000,TCP,ESTABLISHED,64,64,0
192.168.1.200,10.0.0.217,80,0.003189203255745429,311,150,3,3,http,2025-03-27 10:00:29.100000000,TCP,ESTABLISHED,64,64,0
192.168.1.73,10.0.0.85,80,0.005028425817969743,459,128,3,2,http,2025-03-27 10:00:28.700000000,TCP,ESTABLISHED,64,64,0
192.168.1.253,10.0.0.92,80,0.008104423311371935,383,132,5,4,http,2025-03-27 10:00:04.200000000,TCP,ESTABLISHED,64,64,0
192.168.1.18,10.0.0.27,80,0.006336116112143464,472,155,7,4,http,2025-03-27 10:00:43.800000000,TCP,ESTABLISHED,64,64,0
192.168.1.138,10.0.0.146,80,0.0015521388049557785,154,167,6,1,http,2025-03-27 10:00:32.600000000,TCP,ESTABLISHED,64,64,0
192.168.1.25,10.0.0.108,80,0.006276336253667579,435,65,6,4,http,2025-03-27 10:00:47.000000000,TCP,ESTABLISHED,64,64,0
192.168.1.71,10.0.0.224,80,0.0055386945692401735,486,95,6,1,http,2025-03-27 10:00:34.800000000,TCP,ESTABLISHED,64,64,0
192.168.1.142,10.0.0.26,80,0.0034164606540029005,449,98,4,4,http,2025-03-27 10:00:24.400000000,TCP,ESTABLISHED,64,64,0
192.168.1.120,10.0.0.92,80,0.005335267610489277,321,135,6,3,http,2025-03-27 10:00:41.000000000,TCP,ESTABLISHED,64,64,0
192.168.1.213,10.0.0.95,80,0.0012860480838154974,319,66,4,4,http,2025-03-27 10:00:17.400000000,TCP,ESTABLISHED,64,64,0
192.168.1.29,10.0.0.252,80,0.0032827588745256964,330,112,5,3,http,2025-03-27 10:00:25.700000000,TCP,ESTABLISHED,64,64,0
192.168.1.69,10.0.0.131,80,0.009682564784539709,336,130,7,2,http,2025-03-27 10:00:14.600000000,TCP,ESTABLISHED,64,64,0
192.168.1.95,10.0.0.53,80,0.0073373853849047115,437,144,4,3,http,2025-03-27 10:00:39.700000000,TCP,ESTABLISHED,64,64,0
192.168.1.143,10.0.0.159,80,0.007380888226527642,492,141,2,2,http,2025-03-27 10:00:29.700000000,TCP,ESTABLISHED,64,64,0
192.168.1.244,10.0.0.234,80,0.007338877773527733,378,162,5,1,http,2025-03-27 10:00:35.800000000,TCP,ESTABLISHED,64,64,0
192.168.1.166,10.0.0.156,80,0.007814893652252063,310,105,6,1,http,2025-03-27 10:00:08.700000000,TCP,ESTABLISHED,64,64,0
192.168.1.72,10.0.0.239,80,0.002241666083999685,474,109,5,3,http,2025-03-27 10:00:32.500000000,TCP,ESTABLISHED,64,64,0
192.168.1.131,10.0.0.142,80,0.005358045550600557,272,97,3,2,http,2025-03-27 10:00:38.600000000,TCP,ESTABLISHED,64,64,0
192.168.1.169,10.0.0.98,80,0.0025100650714805603,295,127,2,3,http,2025-03-27 10:00:18.600000000,TCP,ESTABLISHED,64,64,0
192.168.1.237,10.0.0.156,80,0.0067947989338852325,327,95,3,3,http,2025-03-27 10:00:41.400000000,TCP,ESTABLISHED,64,64,0
192.168.1.104,10.0.0.9,80,0.003566473357267669,119,125,2,4,http,2025-03-27 10:00:05.700000000,TCP,ESTABLISHED,64,64,0
192.168.1.98,10.0.0.138,80,0.002107212515510469,388,177,4,1,http,2025-03-27 10:00:02.400000000,TCP,ESTABLISHED,64,64,0
192.168.1.55,10.0.0.113,80,0.003914521862390197,492,187,4,1,http,2025-03-27 10:00:27.600000000,TCP,ESTABLISHED,64,64,0
192.168.1.122,10.0.0.1,80,0.007803451217893461,124,96,7,4,http,2025-03-27 10:00:25.000000000,TCP,ESTABLISHED,64,64,0
192.168.1.103,10.0.0.68,80,0.009010969595965541,315,118,5,1,http,2025-03-27 10:00:14.700000000,TCP,ESTABLISHED,64,64,0
192.168.1.151,10.0.0.7,80,0.0047574995109263786,413,91,3,2,http,2025-03-27 10:00:19.900000000,TCP,ESTABLISHED,64,64,0
192.168.1.45,10.0.0.128,80,0.0018410024195809167,222,123,7,3,http,2025-03-27 10:00:01.600000000,TCP,ESTABLISHED,64,64,0
192.168.1.233,10.0.0.51,80,0.004954791155503525,107,85,7,2,http,2025-03-27 10:00:42.300000000,TCP,ESTABLISHED,64,64,0
192.168.1.162,10.0.0.125,80,0.0026143847405385645,117,69,4,3,http,2025-03-27 10:00:08.900000000,TCP,ESTABLISHED,64,64,0
192.168.1.134,10.0.0.192,80,0.00250759751375358,335,57,3,2,http,2025-03-27 10:00:37.500000000,TCP,ESTABLISHED,64,64,0
192.168.1.229,10.0.0.110,80,0.008145273246214217,203,121,3,2,http,2025-03-27 10:00:04.099999999,TCP,ESTABLISHED,64,64,0
192.168.1.192,10.0.0.69,80,0.003858781379408353,346,160,4,4,http,2025-03-27 10:00:37.800000000,TCP,ESTABLISHED,64,64,0
192.168.1.144,10.0.0.209,80,0.0059850973093168525,320,165,7,3,http,2025-03-27 10:00:15.800000000,TCP,ESTABLISHED,64,64,0
192.168.1.41,10.0.0.46,80,0.006563478869444592,254,177,6,3,http,2025-03-27 10:00:11.200000000,TCP,ESTABLISHED,64,64,0
192.168.1.29,10.0.0.61,80,0.00359904554989003,324,148,5,1,http,2025-03-27 10:00:27.300000000,TCP,ESTABLISHED,64,64,0
192.168.1.43,10.0.0.40,80,0.008614803262517238,194,195,4,4,http,2025-03-27 10:00:06.500000000,TCP,ESTABLISHED,64,64,0
192.168.1.220,10.0.0.118,80,0.0063048102023179065,286,144,5,2,http,2025-03-27 10:00:01.200000000,TCP,ESTABLISHED,64,64,0
192.168.1.131,10.0.0.62,80,0.002593888872826371,144,147,7,1,http,2025-03-27 10:00:26.100000000,TCP,ESTABLISHED,64,64,0
192.168.1.199,10.0.0.194,80,0.0019644394272815987,158,108,2,4,http,2025-03-27 10:00:12.800000000,TCP,ESTABLISHED,64,64,0
192.168.1.133,10.0.0.45,80,0.0042680196329375475,484,112,5,1,http,2025-03-27 10:00:10.300000000,TCP,ESTABLISHED,64,64,0
192.168.1.158,10.0.0.118,80,0.009158035818087457,224,66,5,4,http,2025-03-27 10:00:12.700000000,TCP,ESTABLISHED,64,64,0
192.168.1.239,10.0.0.228,80,0.00888559362913608,341,120,6,2,http,2025-03-27 10:00:39.100000000,TCP,ESTABLISHED,64,64,0
192.168.1.174,10.0.0.204,80,0.007736507557168339,193,62,3,1,http,2025-03-27 10:00:02.300000000,TCP,ESTABLISHED,64,64,0
192.168.1.253,10.0.0.181,80,0.005828653215770117,342,171,3,3,http,2025-03-27 10:00:26.700000000,TCP,ESTABLISHED,64,64,0
192.168.1.52,10.0.0.29,80,0.009503885918415701,298,84,5,4,http,2025-03-27 10:00:40.000000000,TCP,ESTABLISHED,64,64,0
192.168.1.183,10.0.0.53,80,0.0035275056913855085,469,78,4,3,http,2025-03-27 10:00:48.600000000,TCP,ESTABLISHED,64,64,0
192.168.1.137,10.0.0.36,80,0.004376956296124938,295,136,4,3,http,2025-03-27 10:00:09.900000000,TCP,ESTABLISHED,64,64,0
192.168.1.191,10.0.0.204,80,0.0064217231730512615,266,116,6,1,http,2025-03-27 10:00:19.700000000,TCP,ESTABLISHED,64,64,0
192.168.1.252,10.0.0.99,80,0.00656006357978752,334,160,5,3,http,2025-03-27 10:00:10.700000000,TCP,ESTABLISHED,64,64,0
192.168.1.132,10.0.0.94,80,0.004108788464165606,108,91,3,1,http,2025-03-27 10:00:10.200000000,TCP,ESTABLISHED,64,64,0
192.168.1.43,10.0.0.34,80,0.009476069409013174,435,81,4,3,http,2025-03-27 10:00:24.900000000,TCP,ESTABLISHED,64,64,0
192.168.1.127,10.0.0.168,80,0.006518833252496598,261,84,7,4,http,2025-03-27 10:00:15.400000000,TCP,ESTABLISHED,64,64,0
192.168.1.147,10.0.0.198,80,0.007039221015101811,168,76,4,3,http,2025-03-27 10:00:30.200000000,TCP,ESTABLISHED,64,64,0
192.168.1.188,10.0.0.108,80,0.004242787055743663,161,127,2,2,http,2025-03-27 10:00:03.800000000,TCP,ESTABLISHED,64,64,0
192.168.1.61,10.0.0.206,80,0.007770968719767491,246,120,3,2,http,2025-03-27 10:00:24.100000000,TCP,ESTABLISHED,64,64,0
192.168.1.48,10.0.0.152,80,0.002068926700661845,292,193,6,1,http,2025-03-27 10:00:19.500000000,TCP,ESTABLISHED,64,64,0
192.168.1.180,10.0.0.110,80,0.004510769023594272,358,81,2,3,http,2025-03-27 10:00:09.400000000,TCP,ESTABLISHED,64,64,0
192.168.1.128,10.0.0.151,80,0.005137066200643681,286,154,2,1,http,2025-03-27 10:00:33.200000000,TCP,ESTABLISHED,64,64,0
192.168.1.23,10.0.0.122,80,0.007374236122187571,279,83,2,3,http,2025-03-27 10:00:13.400000000,TCP,ESTABLISHED,64,64,0
192.168.1.98,10.0.0.248,80,0.0019133192700058331,113,179,3,1,http,2025-03-27 10:00:44.200000000,TCP,ESTABLISHED,64,64,0
192.168.1.210,10.0.0.202,80,0.009098244589225684,388,143,7,2,http,2025-03-27 10:00:46.000000000,TCP,ESTABLISHED,64,64,0
192.168.1.61,10.0.0.228,80,0.006980117669607165,175,70,3,4,http,2025-03-27 10:00:14.400000000,TCP,ESTABLISHED,64,64,0
192.168.1.112,10.0.0.140,80,0.008880444448816936,344,116,4,4,http,2025-03-27 10:00:04.000000000,TCP,ESTABLISHED,64,64,0
192.168.1.189,10.0.0.106,80,0.007493953252314799,340,100,2,1,http,2025-03-27 10:00:23.300000000,TCP,ESTABLISHED,64,64,0
192.168.1.125,10.0.0.169,80,0.007173396200877988,479,166,3,4,http,2025-03-27 10:00:01.700000000,TCP,ESTABLISHED,64,64,0
192.168.1.120,10.0.0.96,80,0.008111523721118747,105,132,2,3,http,2025-03-27 10:00:11.100000000,TCP,ESTABLISHED,64,64,0
192.168.1.212,10.0.0.115,80,0.005467912650861375,442,55,2,1,http,2025-03-27 10:00:21.800000000,TCP,ESTABLISHED,64,64,0
192.168.1.216,10.0.0.138,80,0.006008075075476446,368,147,6,2,http,2025-03-27 10:00:26.800000000,TCP,ESTABLISHED,64,64,0
192.168.1.134,10.0.0.56,80,0.00352338504780584,389,107,3,1,http,2025-03-27 10:00:42.700000000,TCP,ESTABLISHED,64,64,0
192.168.1.6,10.0.0.195,80,0.0036458035900450965,208,163,4,3,http,2025-03-27 10:00:30.500000000,TCP,ESTABLISHED,64,64,0
192.168.1.242,10.0.0.49,80,0.004596239276958516,442,59,5,1,http,2025-03-27 10:00:08.600000000,TCP,ESTABLISHED,64,64,0
192.168.1.151,10.0.0.240,80,0.001570262552299279,144,190,4,3,http,2025-03-27 10:00:25.100000000,TCP,ESTABLISHED,64,64,0
192.168.1.41,10.0.0.229,80,0.003740676880386539,348,166,2,4,http,2025-03-27 10:00:21.900000000,TCP,ESTABLISHED,64,64,0
192.168.1.42,10.0.0.38,80,0.001034360621688499,420,99,2,2,http,2025-03-27 10:00:13.500000000,TCP,ESTABLISHED,64,64,0
192.168.1.146,10.0.0.85,80,0.003672959476323759,318,133,2,1,http,2025-03-27 10:00:43.600000000,TCP,ESTABLISHED,64,64,0
192.168.1.56,10.0.0.159,80,0.005489083160032461,196,152,6,4,http,2025-03-27 10:00:48.500000000,TCP,ESTABLISHED,64,64,0
192.168.1.172,10.0.0.67,80,0.005570937979775583,185,105,5,3,http,2025-03-27 10:00:20.800000000,TCP,ESTABLISHED,64,64,0
192.168.1.59,10.0.0.182,80,0.007816853588046561,394,144,4,2,http,2025-03-27 10:00:31.600000000,TCP,ESTABLISHED,64,64,0
192.168.1.117,10.0.0.3,80,0.0016345432379802232,113,85,6,2,http,2025-03-27 10:00:47.700000000,TCP,ESTABLISHED,64,64,0
192.168.1.139,10.0.0.132,80,0.007808109415833819,196,151,4,1,http,2025-03-27 10:00:40.600000000,TCP,ESTABLISHED,64,64,0
192.168.1.57,10.0.0.14,80,0.004440649988061143,444,102,7,1,http,2025-03-27 10:00:30.400000000,TCP,ESTABLISHED,64,64,0
192.168.1.4,10.0.0.20,80,0.004506255693135388,285,160,7,3,http,2025-03-27 10:00:19.200000000,TCP,ESTABLISHED,64,64,0
192.168.1.194,10.0.0.216,80,0.00866574155078938,488,194,5,1,http,2025-03-27 10:00:29.200000000,TCP,ESTABLISHED,64,64,0
192.168.1.165,10.0.0.175,80,0.00425791108497798,264,107,6,2,http,2025-03-27 10:00:11.400000000,TCP,ESTABLISHED,64,64,0
192.168.1.50,10.0.0.8,80,0.007683674280643176,306,137,6,1,http,2025-03-27 10:00:42.800000000,TCP,ESTABLISHED,64,64,0
192.168.1.14,10.0.0.136,80,0.007776845967252331,264,84,4,2,http,2025-03-27 10:00:29.000000000,TCP,ESTABLISHED,64,64,0
192.168.1.57,10.0.0.247,80,0.0012762663509801242,352,187,2,4,http,2025-03-27 10:00:23.800000000,TCP,ESTABLISHED,64,64,0
192.168.1.125,10.0.0.125,80,0.00707232454164372,156,132,5,2,http,2025-03-27 10:00:47.800000000,TCP,ESTABLISHED,64,64,0
192.168.1.75,10.0.0.231,80,0.006748164078501597,470,89,2,2,http,2025-03-27 10:00:40.300000000,TCP,ESTABLISHED,64,64,0
192.168.1.102,10.0.0.231,80,0.006705032771110195,208,50,3,4,http,2025-03-27 10:00:36.200000000,TCP,ESTABLISHED,64,64,0
192.168.1.208,10.0.0.118,80,0.0026874780687738244,187,97,5,2,http,2025-03-27 10:00:04.500000000,TCP,ESTABLISHED,64,64,0
192.168.1.208,10.0.0.222,80,0.0098039632339579,342,152,6,1,http,2025-03-27 10:00:20.100000000,TCP,ESTABLISHED,64,64,0
192.168.1.26,10.0.0.138,80,0.004300388291947393,105,117,3,2,http,2025-03-27 10:00:48.900000000,TCP,ESTABLISHED,64,64,0
192.168.1.108,10.0.0.86,80,0.0029891206423007656,255,194,4,2,http,2025-03-27 10:00:03.500000000,TCP,ESTABLISHED,64,64,0
192.168.1.1,10.0.0.68,80,0.002502695279842619,204,161,7,1,http,2025-03-27 10:00:35.100000000,TCP,ESTABLISHED,64,64,0
192.168.1.202,10.0.0.158,80,0.002231924560796042,341,191,3,2,http,2025-03-27 10:00:20.600000000,TCP,ESTABLISHED,64,64,0
192.168.1.40,10.0.0.235,80,0.00545180834693345,229,74,3,1,http,2025-03-27 10:00:06.400000000,TCP,ESTABLISHED,64,64,0
192.168.1.201,10.0.0.45,80,0.008858552107425852,119,140,7,4,http,2025-03-27 10:00:08.300000000,TCP,ESTABLISHED,64,64,0
192.168.1.122,10.0.0.171,80,0.0011746262696629517,292,96,6,4,http,2025-03-27 10:00:41.100000000,TCP,ESTABLISHED,64,64,0
192.168.1.62,10.0.0.19,80,0.0065500429261412365,183,102,3,2,http,2025-03-27 10:00:21.700000000,TCP,ESTABLISHED,64,64,0
192.168.1.115,10.0.0.16,80,0.009774593356131536,181,174,3,3,http,2025-03-27 10:00:03.300000000,TCP,ESTABLISHED,64,64,0
192.168.1.194,10.0.0.135,1908,0.0020696670691265984,285,87,2,1,http,2025-03-27 10:00:49.600000000,TCP,ESTABLISHED,64,64,1
192.168.1.192,10.0.0.57,1042,0.006799156788904092,328,119,2,4,http,2025-03-27 10:00:49.300000000,TCP,ESTABLISHED,64,64,1
192.168.1.179,10.0.0.98,80,0.0024320870568179257,115,96,7,1,http,2025-03-27 10:00:01.100000000,TCP,ESTABLISHED,64,64,0
192.168.1.210,10.0.0.70,80,0.004705546916846673,191,190,7,2,http,2025-03-27 10:00:47.100000000,TCP,ESTABLISHED,64,64,0
192.168.1.145,10.0.0.215,80,0.0066566158262730745,231,112,5,4,http,2025-03-27 10:00:17.800000000,TCP,ESTABLISHED,64,64,0
192.168.1.252,10.0.0.96,80,0.003849742954706537,337,74,4,2,http,2025-03-27 10:00:04.300000000,TCP,ESTABLISHED,64,64,0
192.168.1.92,10.0.0.20,80,0.0034627219722236733,405,79,2,1,http,2025-03-27 10:00:46.600000000,TCP,ESTABLISHED,64,64,0
192.168.1.29,10.0.0.180,80,0.005729487923207344,374,124,3,4,http,2025-03-27 10:00:18.400000000,TCP,ESTABLISHED,64,64,0
192.168.1.236,10.0.0.59,80,0.0027018782104981185,191,103,5,4,http,2025-03-27 10:00:23.700000000,TCP,ESTABLISHED,64,64,0
192.168.1.44,10.0.0.206,80,0.0018950056137646172,231,133,7,2,http,2025-03-27 10:00:31.000000000,TCP,ESTABLISHED,64,64,0
192.168.1.29,10.0.0.52,80,0.002942600884086283,111,175,7,3,http,2025-03-27 10:00:33.100000000,TCP,ESTABLISHED,64,64,0
192.168.1.123,10.0.0.178,80,0.00979543574190439,172,135,3,2,http,2025-03-27 10:00:45.700000000,TCP,ESTABLISHED,64,64,0
192.168.1.223,10.0.0.205,80,0.00397423744460728,358,78,3,3,http,2025-03-27 10:00:34.700000000,TCP,ESTABLISHED,64,64,0
192.168.1.188,10.0.0.203,80,0.0042572758940743055,302,124,6,2,http,2025-03-27 10:00:12.600000000,TCP,ESTABLISHED,64,64,0
192.168.1.24,10.0.0.219,80,0.008465916747399254,170,183,5,1,http,2025-03-27 10:00:13.800000000,TCP,ESTABLISHED,64,64,0
192.168.1.68,10.0.0.19,80,0.004303297578834002,389,99,6,1,http,2025-03-27 10:00:18.300000000,TCP,ESTABLISHED,64,64,0
192.168.1.24,10.0.0.238,80,0.004324091495359668,134,128,6,3,http,2025-03-27 10:00:41.200000000,TCP,ESTABLISHED,64,64,0
192.168.1.239,10.0.0.239,80,0.009037723290589217,266,99,6,2,http,2025-03-27 10:00:39.000000000,TCP,ESTABLISHED,64,64,0
192.168.1.129,10.0.0.249,80,0.0033071994902591456,285,56,6,4,http,2025-03-27 10:00:47.200000000,TCP,ESTABLISHED,64,64,0
192.168.1.85,10.0.0.143,80,0.006238707810483879,269,116,6,2,http,2025-03-27 10:00:23.000000000,TCP,ESTABLISHED,64,64,0
192.168.1.70,10.0.0.37,80,0.00421179402107813,425,121,5,2,http,2025-03-27 10:00:08.199999999,TCP,ESTABLISHED,64,64,0
192.168.1.4,10.0.0.176,80,0.0033524508386253214,450,139,5,3,http,2025-03-27 10:00:27.100000000,TCP,ESTABLISHED,64,64,0
192.168.1.170,10.0.0.141,80,0.004709624211849428,432,101,7,3,http,2025-03-27 10:00:04.900000000,TCP,ESTABLISHED,64,64,0
192.168.1.249,10.0.0.174,80,0.005734768684636531,438,86,2,3,http,2025-03-27 10:00:06.800000000,TCP,ESTABLISHED,64,64,0
192.168.1.121,10.0.0.108,1786,0.004804654491950817,368,116,7,2,http,2025-03-27 10:00:49.500000000,TCP,ESTABLISHED,64,64,1
192.168.1.211,10.0.0.163,80,0.009597976755560008,309,172,6,1,http,2025-03-27 10:00:35.400000000,TCP,ESTABLISHED,64,64,0
192.168.1.214,10.0.0.152,80,0.00857505815600847,348,73,7,3,http,2025-03-27 10:00:26.200000000,TCP,ESTABLISHED,64,64,0
192.168.1.196,10.0.0.128,80,0.007274227887936063,193,51,2,2,http,2025-03-27 10:00:17.700000000,TCP,ESTABLISHED,64,64,0
192.168.1.242,10.0.0.75,80,0.00841729915570453,283,119,2,2,http,2025-03-27 10:00:33.299999999,TCP,ESTABLISHED,64,64,0
192.168.1.103,10.0.0.156,80,0.007055051424908967,463,172,7,1,http,2025-03-27 10:00:41.300000000,TCP,ESTABLISHED,64,64,0
192.168.1.27,10.0.0.67,80,0.0033508262087198685,136,174,5,3,http,2025-03-27 10:00:11.500000000,TCP,ESTABLISHED,64,64,0
192.168.1.96,10.0.0.76,80,0.009144233898950947,374,178,4,4,http,2025-03-27 10:00:26.000000000,TCP,ESTABLISHED,64,64,0
192.168.1.236,10.0.0.134,80,0.0012886691880461606,199,159,4,2,http,2025-03-27 10:00:12.500000000,TCP,ESTABLISHED,64,64,0
192.168.1.83,10.0.0.15,80,0.008136162612620339,203,182,6,1,http,2025-03-27 10:00:14.800000000,TCP,ESTABLISHED,64,64,0
192.168.1.214,10.0.0.224,80,0.009538285047389211,102,182,3,1,http,2025-03-27 10:00:17.600000000,TCP,ESTABLISHED,64,64,0
192.168.1.119,10.0.0.242,80,0.008766892987705195,253,113,2,1,http,2025-03-27 10:00:41.500000000,TCP,ESTABLISHED,64,64,0
192.168.1.19,10.0.0.244,1187,0.0017300316987607276,336,125,7,2,http,2025-03-27 10:00:49.100000000,TCP,ESTABLISHED,64,64,1
192.168.1.200,10.0.0.153,80,0.004811214643623701,464,192,7,2,http,2025-03-27 10:00:07.300000000,TCP,ESTABLISHED,64,64,0
192.168.1.61,10.0.0.222,80,0.008726870903667533,225,120,2,4,http,2025-03-27 10:00:15.300000000,TCP,ESTABLISHED,64,64,0
192.168.1.219,10.0.0.233,80,0.008430335212484884,363,161,7,3,http,2025-03-27 10:00:40.100000000,TCP,ESTABLISHED,64,64,0
192.168.1.156,10.0.0.123,80,0.0019219193626631684,356,181,7,2,http,2025-03-27 10:00:43.100000000,TCP,ESTABLISHED,64,64,0
192.168.1.80,10.0.0.218,80,0.002114622782940524,360,102,2,4,http,2025-03-27 10:00:01.000000000,TCP,ESTABLISHED,64,64,0
192.168.1.206,10.0.0.190,80,0.00327716484238172,104,196,7,2,http,2025-03-27 10:00:18.700000000,TCP,ESTABLISHED,64,64,0
192.168.1.144,10.0.0.21,80,0.009773248722594146,345,160,2,1,http,2025-03-27 10:00:24.200000000,TCP,ESTABLISHED,64,64,0
192.168.1.122,10.0.0.32,80,0.006230714759882519,402,62,4,1,http,2025-03-27 10:00:18.900000000,TCP,ESTABLISHED,64,64,0
192.168.1.186,10.0.0.88,80,0.0044129738736967865,179,73,5,3,http,2025-03-27 10:00:35.000000000,TCP,ESTABLISHED,64,64,0
192.168.1.69,10.0.0.6,80,0.0077706402641565045,498,93,7,1,http,2025-03-27 10:00:22.900000000,TCP,ESTABLISHED,64,64,0
192.168.1.46,10.0.0.174,80,0.003555005842898838,131,179,4,4,http,2025-03-27 10:00:17.500000000,TCP,ESTABLISHED,64,64,0
192.168.1.199,10.0.0.16,80,0.006649808251825587,149,73,2,2,http,2025-03-27 10:00:08.800000000,TCP,ESTABLISHED,64,64,0
192.168.1.170,10.0.0.47,80,0.006047024483856771,115,118,7,3,http,2025-03-27 10:00:16.500000000,TCP,ESTABLISHED,64,64,0
192.168.1.190,10.0.0.145,1786,0.00731401861499101,304,113,2,2,http,2025-03-27 10:00:49.400000000,TCP,ESTABLISHED,64,64,1
192.168.1.84,10.0.0.119,80,0.003243546417182977,461,105,3,1,http,2025-03-27 10:00:47.600000000,TCP,ESTABLISHED,64,64,0
192.168.1.96,10.0.0.223,80,0.006389021354204576,354,198,2,1,http,2025-03-27 10:00:33.799999999,TCP,ESTABLISHED,64,64,0
192.168.1.131,10.0.0.134,80,0.0011354358826348723,153,187,7,3,http,2025-03-27 10:00:45.600000000,TCP,ESTABLISHED,64,64,0
192.168.1.48,10.0.0.19,80,0.007691838634515682,144,76,4,2,http,2025-03-27 10:00:07.800000000,TCP,ESTABLISHED,64,64,0
192.168.1.53,10.0.0.47,80,0.0012649131204122276,243,68,3,2,http,2025-03-27 10:00:37.300000000,TCP,ESTABLISHED,64,64,0
192.168.1.252,10.0.0.119,80,0.008954922489834798,120,168,3,2,http,2025-03-27 10:00:07.400000000,TCP,ESTABLISHED,64,64,0
192.168.1.225,10.0.0.5,80,0.0030450246642621747,378,112,5,1,http,2025-03-27 10:00:26.500000000,TCP,ESTABLISHED,64,64,0
192.168.1.43,10.0.0.159,80,0.008109439798277805,318,73,7,4,http,2025-03-27 10:00:14.200000000,TCP,ESTABLISHED,64,64,0
192.168.1.136,10.0.0.155,80,0.0037752101659385617,467,120,7,4,http,2025-03-27 10:00:13.000000000,TCP,ESTABLISHED,64,64,0
192.168.1.118,10.0.0.72,80,0.00451002109758704,259,160,7,2,http,2025-03-27 10:00:22.700000000,TCP,ESTABLISHED,64,64,0
192.168.1.242,10.0.0.159,80,0.009235881685865182,459,185,4,3,http,2025-03-27 10:00:08.400000000,TCP,ESTABLISHED,64,64,0
192.168.1.127,10.0.0.74,80,0.008953949961190418,219,86,6,4,http,2025-03-27 10:00:43.500000000,TCP,ESTABLISHED,64,64,0
192.168.1.231,10.0.0.74,80,0.0024607386637416247,479,118,5,3,http,2025-03-27 10:00:42.600000000,TCP,ESTABLISHED,64,64,0
192.168.1.135,10.0.0.128,80,0.003147396253497031,125,130,6,3,http,2025-03-27 10:00:06.900000000,TCP,ESTABLISHED,64,64,0
192.168.1.6,10.0.0.154,80,0.006033222867880369,220,73,6,2,http,2025-03-27 10:00:38.200000000,TCP,ESTABLISHED,64,64,0
192.168.1.148,10.0.0.224,80,0.0012975766733823476,398,143,2,1,http,2025-03-27 10:00:29.500000000,TCP,ESTABLISHED,64,64,0
192.168.1.217,10.0.0.142,80,0.007914188532978624,132,143,4,1,http,2025-03-27 10:00:28.300000000,TCP,ESTABLISHED,64,64,0
192.168.1.7,10.0.0.19,80,0.009500614147534048,200,69,4,2,http,2025-03-27 10:00:03.700000000,TCP,ESTABLISHED,64,64,0
192.168.1.163,10.0.0.84,80,0.002921567548119038,444,182,2,1,http,2025-03-27 10:00:21.600000000,TCP,ESTABLISHED,64,64,0
192.168.1.21,10.0.0.85,80,0.0018250984568885034,301,192,6,4,http,2025-03-27 10:00:10.900000000,TCP,ESTABLISHED,64,64,0
192.168.1.61,10.0.0.242,80,0.0015961019315131678,278,186,5,4,http,2025-03-27 10:00:07.600000000,TCP,ESTABLISHED,64,64,0
192.168.1.237,10.0.0.171,80,0.002535108112948289,390,98,6,2,http,2025-03-27 10:00:28.900000000,TCP,ESTABLISHED,64,64,0
192.168.1.81,10.0.0.108,80,0.002314860484820153,407,176,3,4,http,2025-03-27 10:00:43.400000000,TCP,ESTABLISHED,64,64,0
192.168.1.242,10.0.0.125,80,0.005085199450040992,365,167,7,2,http,2025-03-27 10:00:27.400000000,TCP,ESTABLISHED,64,64,0
192.168.1.157,10.0.0.1,80,0.0075494676077422175,287,152,7,3,http,2025-03-27 10:00:15.700000000,TCP,ESTABLISHED,64,64,0
192.168.1.128,10.0.0.18,80,0.005035135013242848,245,119,4,2,http,2025-03-27 10:00:44.300000000,TCP,ESTABLISHED,64,64,0
192.168.1.94,10.0.0.141,80,0.004923147007872632,174,123,3,3,http,2025-03-27 10:00:10.500000000,TCP,ESTABLISHED,64,64,0
192.168.1.164,10.0.0.81,80,0.005272077261474333,401,74,3,2,http,2025-03-27 10:00:02.100000000,TCP,ESTABLISHED,64,64,0
192.168.1.41,10.0.0.107,80,0.009994378111906777,172,120,4,3,http,2025-03-27 10:00:03.400000000,TCP,ESTABLISHED,64,64,0
192.168.1.226,10.0.0.239,80,0.009456083389124684,141,68,2,3,http,2025-03-27 10:00:42.100000000,TCP,ESTABLISHED,64,64,0
192.168.1.228,10.0.0.235,80,0.009895946657075372,217,165,3,4,http,2025-03-27 10:00:11.700000000,TCP,ESTABLISHED,64,64,0
192.168.1.199,10.0.0.77,80,0.00795913776371023,210,55,6,4,http,2025-03-27 10:00:40.500000000,TCP,ESTABLISHED,64,64,0
192.168.1.125,10.0.0.64,80,0.0070758196401800545,141,165,4,4,http,2025-03-27 10:00:27.200000000,TCP,ESTABLISHED,64,64,0
192.168.1.86,10.0.0.5,80,0.008284557076925348,353,166,7,2,http,2025-03-27 10:00:31.200000000,TCP,ESTABLISHED,64,64,0
192.168.1.203,10.0.0.74,80,0.007632973898395251,267,84,7,1,http,2025-03-27 10:00:18.500000000,TCP,ESTABLISHED,64,64,0
192.168.1.156,10.0.0.147,1119,0.003490681577096092,411,132,5,1,http,2025-03-27 10:00:49.700000000,TCP,ESTABLISHED,64,64,1
192.168.1.208,10.0.0.74,80,0.00310618258104106,201,163,7,4,http,2025-03-27 10:00:14.500000000,TCP,ESTABLISHED,64,64,0
192.168.1.235,10.0.0.249,80,0.006588387949909918,292,82,7,2,http,2025-03-27 10:00:14.100000000,TCP,ESTABLISHED,64,64,0
192.168.1.214,10.0.0.5,80,0.009196140304375721,250,186,5,2,http,2025-03-27 10:00:28.600000000,TCP,ESTABLISHED,64,64,0
192.168.1.35,10.0.0.188,80,0.00708726634273702,335,165,2,4,http,2025-03-27 10:00:04.600000000,TCP,ESTABLISHED,64,64,0
192.168.1.100,10.0.0.219,80,0.0029194341350808036,117,100,5,3,http,2025-03-27 10:00:27.800000000,TCP,ESTABLISHED,64,64,0
192.168.1.41,10.0.0.126,80,0.00967750422785479,487,124,7,2,http,2025-03-27 10:00:12.200000000,TCP,ESTABLISHED,64,64,0
192.168.1.16,10.0.0.80,80,0.008783603329701621,282,133,7,3,http,2025-03-27 10:00:32.100000000,TCP,ESTABLISHED,64,64,0
192.168.1.46,10.0.0.39,80,0.004649572682189668,289,100,7,1,http,2025-03-27 10:00:27.000000000,TCP,ESTABLISHED,64,64,0
192.168.1.188,10.0.0.194,80,0.007235403061003462,346,90,4,2,http,2025-03-27 10:00:30.700000000,TCP,ESTABLISHED,64,64,0
192.168.1.133,10.0.0.212,80,0.005943129928388244,286,133,7,4,http,2025-03-27 10:00:35.500000000,TCP,ESTABLISHED,64,64,0
192.168.1.159,10.0.0.211,80,0.003512095591498186,136,100,7,1,http,2025-03-27 10:00:34.600000000,TCP,ESTABLISHED,64,64,0
192.168.1.209,10.0.0.211,80,0.0031845009401366363,301,152,6,3,http,2025-03-27 10:00:20.400000000,TCP,ESTABLISHED,64,64,0
192.168.1.87,10.0.0.175,80,0.009657544349951811,147,54,3,2,http,2025-03-27 10:00:40.900000000,TCP,ESTABLISHED,64,64,0
192.168.1.77,10.0.0.110,80,0.0037329412959841587,135,56,6,2,http,2025-03-27 10:00:39.200000000,TCP,ESTABLISHED,64,64,0
192.168.1.89,10.0.0.230,80,0.006809504202169162,389,57,3,3,http,2025-03-27 10:00:22.200000000,TCP,ESTABLISHED,64,64,0
192.168.1.99,10.0.0.155,80,0.008406885801250059,209,109,5,1,http,2025-03-27 10:00:11.600000000,TCP,ESTABLISHED,64,64,0
192.168.1.79,10.0.0.86,80,0.0021419399604989007,167,69,5,1,http,2025-03-27 10:00:01.300000000,TCP,ESTABLISHED,64,64,0
192.168.1.3,10.0.0.249,80,0.002220381592672768,279,163,6,1,http,2025-03-27 10:00:37.100000000,TCP,ESTABLISHED,64,64,0
192.168.1.131,10.0.0.170,80,0.003929753313812907,128,107,5,3,http,2025-03-27 10:00:09.800000000,TCP,ESTABLISHED,64,64,0
192.168.1.188,10.0.0.235,80,0.006942588367909671,366,53,5,3,http,2025-03-27 10:00:21.400000000,TCP,ESTABLISHED,64,64,0
192.168.1.143,10.0.0.5,80,0.0026629070225982947,228,110,6,2,http,2025-03-27 10:00:16.300000000,TCP,ESTABLISHED,64,64,0
192.168.1.58,10.0.0.153,80,0.009173356239423502,385,181,4,1,http,2025-03-27 10:00:10.100000000,TCP,ESTABLISHED,64,64,0
192.168.1.215,10.0.0.89,80,0.009117186576379516,462,183,3,3,http,2025-03-27 10:00:45.300000000,TCP,ESTABLISHED,64,64,0
192.168.1.66,10.0.0.99,80,0.005944585877989947,271,54,3,2,http,2025-03-27 10:00:31.500000000,TCP,ESTABLISHED,64,64,0
192.168.1.14,10.0.0.211,80,0.007985747450302874,328,171,7,2,http,2025-03-27 10:00:22.300000000,TCP,ESTABLISHED,64,64,0
192.168.1.98,10.0.0.46,80,0.005769969803474779,165,69,2,1,http,2025-03-27 10:00:25.900000000,TCP,ESTABLISHED,64,64,0
192.168.1.45,10.0.0.152,80,0.001986812162358976,109,78,5,2,http,2025-03-27 10:00:34.100000000,TCP,ESTABLISHED,64,64,0
192.168.1.144,10.0.0.245,80,0.00953378025254046,226,178,2,4,http,2025-03-27 10:00:46.500000000,TCP,ESTABLISHED,64,64,0
192.168.1.95,10.0.0.202,80,0.0036415149459200218,387,64,6,1,http,2025-03-27 10:00:26.300000000,TCP,ESTABLISHED,64,64,0
192.168.1.249,10.0.0.227,80,0.009201996874606062,180,198,6,3,http,2025-03-27 10:00:46.700000000,TCP,ESTABLISHED,64,64,0
192.168.1.176,10.0.0.246,80,0.00862235715035455,246,190,4,4,http,2025-03-27 10:00:43.300000000,TCP,ESTABLISHED,64,64,0
192.168.1.244,10.0.0.210,80,0.007478841355032674,247,108,5,3,http,2025-03-27 10:00:39.800000000,TCP,ESTABLISHED,64,64,0
192.168.1.226,10.0.0.48,80,0.0055200818687480896,244,96,2,3,http,2025-03-27 10:00:34.200000000,TCP,ESTABLISHED,64,64,0
192.168.1.60,10.0.0.63,80,0.008250399555201005,135,123,4,3,http,2025-03-27 10:00:32.900000000,TCP,ESTABLISHED,64,64,0
192.168.1.76,10.0.0.22,80,0.00785310641100407,298,178,4,3,http,2025-03-27 10:00:25.600000000,TCP,ESTABLISHED,64,64,0
192.168.1.13,10.0.0.37,80,0.0043875374415486765,209,157,3,4,http,2025-03-27 10:00:15.200000000,TCP,ESTABLISHED,64,64,0
192.168.1.13,10.0.0.20,80,0.004886341402094153,411,181,2,4,http,2025-03-27 10:00:04.800000000,TCP,ESTABLISHED,64,64,0
192.168.1.23,10.0.0.206,80,0.009744481906388616,260,145,7,3,http,2025-03-27 10:00:33.500000000,TCP,ESTABLISHED,64,64,0
192.168.1.195,10.0.0.17,80,0.009173129573433747,286,154,2,4,http,2025-03-27 10:00:00.600000000,TCP,ESTABLISHED,64,64,0
192.168.1.102,10.0.0.198,80,0.005600778403822274,276,81,3,2,http,2025-03-27 10:00:48.400000000,TCP,ESTABLISHED,64,64,0
192.168.1.241,10.0.0.178,80,0.008792953260979727,260,192,2,1,http,2025-03-27 10:00:23.900000000,TCP,ESTABLISHED,64,64,0
192.168.1.106,10.0.0.225,80,0.0064940409645125145,477,101,2,4,http,2025-03-27 10:00:36.600000000,TCP,ESTABLISHED,64,64,0
192.168.1.53,10.0.0.252,80,0.004808006855170025,100,196,6,3,http,2025-03-27 10:00:03.200000000,TCP,ESTABLISHED,64,64,0
192.168.1.119,10.0.0.56,80,0.0027626485258881363,376,101,7,4,http,2025-03-27 10:00:09.300000000,TCP,ESTABLISHED,64,64,0
192.168.1.79,10.0.0.216,80,0.002861495034192516,389,65,4,3,http,2025-03-27 10:00:07.500000000,TCP,ESTABLISHED,64,64,0
192.168.1.165,10.0.0.22,80,0.003950547480325547,110,116,6,1,http,2025-03-27 10:00:42.400000000,TCP,ESTABLISHED,64,64,0
192.168.1.17,10.0.0.53,80,0.0016667048131517584,309,61,2,4,http,2025-03-27 10:00:05.500000000,TCP,ESTABLISHED,64,64,0
192.168.1.198,10.0.0.6,80,0.00325332792433309,267,160,2,2,http,2025-03-27 10:00:25.300000000,TCP,ESTABLISHED,64,64,0
192.168.1.246,10.0.0.109,80,0.0013779355096350681,466,51,6,1,http,2025-03-27 10:00:00.000000000,TCP,ESTABLISHED,64,64,0
192.168.1.155,10.0.0.112,80,0.005812499024610179,481,119,6,2,http,2025-03-27 10:00:37.200000000,TCP,ESTABLISHED,64,64,0
192.168.1.151,10.0.0.99,80,0.005152088163614779,269,191,3,4,http,2025-03-27 10:00:22.100000000,TCP,ESTABLISHED,64,64,0
192.168.1.170,10.0.0.142,80,0.0025845477777724475,142,98,7,4,http,2025-03-27 10:00:35.700000000,TCP,ESTABLISHED,64,64,0
192.168.1.24,10.0.0.15,80,0.0016508155756655824,133,193,4,3,http,2025-03-27 10:00:35.600000000,TCP,ESTABLISHED,64,64,0
192.168.1.81,10.0.0.158,80,0.008415595713202509,167,71,6,2,http,2025-03-27 10:00:36.300000000,TCP,ESTABLISHED,64,64,0
192.168.1.67,10.0.0.176,80,0.007728692817263762,160,191,2,4,http,2025-03-27 10:00:32.000000000,TCP,ESTABLISHED,64,64,0
192.168.1.252,10.0.0.82,80,0.005484252327345778,268,179,3,1,http,2025-03-27 10:00:15.600000000,TCP,ESTABLISHED,64,64,0
192.168.1.183,10.0.0.40,80,0.009146247548890887,191,117,4,1,http,2025-03-27 10:00:35.200000000,TCP,ESTABLISHED,64,64,0
192.168.1.32,10.0.0.146,80,0.006582205392306173,119,111,3,4,http,2025-03-27 10:00:16.100000000,TCP,ESTABLISHED,64,64,0
192.168.1.99,10.0.0.112,80,0.002679753694394228,154,158,3,4,http,2025-03-27 10:00:16.200000000,TCP,ESTABLISHED,64,64,0
192.168.1.57,10.0.0.91,80,0.0028764025214487315,302,188,2,4,http,2025-03-27 10:00:04.400000000,TCP,ESTABLISHED,64,64,0
192.168.1.147,10.0.0.98,80,0.008572799924925625,291,93,4,1,http,2025-03-27 10:00:05.200000000,TCP,ESTABLISHED,64,64,0
192.168.1.160,10.0.0.98,80,0.009608597858446834,352,64,3,1,http,2025-03-27 10:00:48.200000000,TCP,ESTABLISHED,64,64,0
192.168.1.53,10.0.0.38,80,0.009918183105218921,493,158,2,2,http,2025-03-27 10:00:20.300000000,TCP,ESTABLISHED,64,64,0
192.168.1.229,10.0.0.41,80,0.008696060659164805,259,132,7,3,http,2025-03-27 10:00:09.600000000,TCP,ESTABLISHED,64,64,0
192.168.1.119,10.0.0.36,80,0.002517431765416889,353,125,6,1,http,2025-03-27 10:00:28.200000000,TCP,ESTABLISHED,64,64,0
192.168.1.138,10.0.0.102,80,0.008309259881233176,114,116,4,1,http,2025-03-27 10:00:14.300000000,TCP,ESTABLISHED,64,64,0
192.168.1.157,10.0.0.117,80,0.007402398715345814,136,105,2,1,http,2025-03-27 10:00:28.400000000,TCP,ESTABLISHED,64,64,0
192.168.1.119,10.0.0.133,80,0.0028122442018479214,491,93,4,1,http,2025-03-27 10:00:30.100000000,TCP,ESTABLISHED,64,64,0
192.168.1.22,10.0.0.67,80,0.00505061292748811,150,172,5,4,http,2025-03-27 10:00:39.300000000,TCP,ESTABLISHED,64,64,0
192.168.1.137,10.0.0.247,80,0.0016026983200590132,145,128,7,3,http,2025-03-27 10:00:28.800000000,TCP,ESTABLISHED,64,64,0
192.168.1.239,10.0.0.47,80,0.0016996363627502819,386,132,2,4,http,2025-03-27 10:00:33.900000000,TCP,ESTABLISHED,64,64,0
192.168.1.28,10.0.0.16,80,0.009694264039039141,241,171,5,2,http,2025-03-27 10:00:19.100000000,TCP,ESTABLISHED,64,64,0
192.168.1.34,10.0.0.70,80,0.002623955446542112,285,178,5,3,http,2025-03-27 10:00:17.200000000,TCP,ESTABLISHED,64,64,0
192.168.1.34,10.0.0.141,80,0.008714746754460701,233,101,2,1,http,2025-03-27 10:00:42.900000000,TCP,ESTABLISHED,64,64,0
192.168.1.238,10.0.0.28,80,0.0058646624986206704,345,59,7,1,http,2025-03-27 10:00:43.200000000,TCP,ESTABLISHED,64,64,0
192.168.1.73,10.0.0.241,80,0.001501927990994433,228,107,4,4,http,2025-03-27 10:00:20.900000000,TCP,ESTABLISHED,64,64,0
192.168.1.224,10.0.0.130,80,0.0012617432702833873,309,62,7,1,http,2025-03-27 10:00:16.399999999,TCP,ESTABLISHED,64,64,0
192.168.1.63,10.0.0.113,80,0.008945107495271196,395,117,6,2,http,2025-03-27 10:00:22.800000000,TCP,ESTABLISHED,64,64,0
192.168.1.29,10.0.0.174,80,0.008132543360932632,113,152,4,2,http,2025-03-27 10:00:07.700000000,TCP,ESTABLISHED,64,64,0
192.168.1.71,10.0.0.56,80,0.0010596483342396165,316,95,4,1,http,2025-03-27 10:00:17.300000000,TCP,ESTABLISHED,64,64,0
192.168.1.235,10.0.0.239,80,0.009690705837325602,459,172,4,4,http,2025-03-27 10:00:02.800000000,TCP,ESTABLISHED,64,64,0
192.168.1.245,10.0.0.109,80,0.0010266207676317058,142,151,6,3,http,2025-03-27 10:00:02.000000000,TCP,ESTABLISHED,64,64,0
192.168.1.45,10.0.0.64,80,0.008492985007996341,267,156,4,2,http,2025-03-27 10:00:27.500000000,TCP,ESTABLISHED,64,64,0
192.168.1.182,10.0.0.22,80,0.005419619809618404,279,63,2,3,http,2025-03-27 10:00:24.700000000,TCP,ESTABLISHED,64,64,0
192.168.1.202,10.0.0.171,80,0.00646008995160026,391,77,2,3,http,2025-03-27 10:00:36.100000000,TCP,ESTABLISHED,64,64,0
192.168.1.111,10.0.0.185,80,0.0063241621912468165,156,64,4,2,http,2025-03-27 10:00:09.200000000,TCP,ESTABLISHED,64,64,0
